<?xml version="1.1" encoding="UTF-8"?>
<xmi:XMI xmi:version="2.0" xmlns:xmi="http://www.omg.org/XMI" xmlns:expression="http:///expression.ecore">
  <expression:EMFExpression id="null=>dimDate=>date_key" expression="Integer.parseInt(&#xA;&#x9;TalendDate.formatDate(&quot;yyyyMMdd&quot;,row1.date)&#xA;)">
    <variables name="row1.date" value="null" talendType="id_Date"/>
    <variables name="row1.is_weekend" value="false" talendType="id_Boolean"/>
    <variables name="row1.is_holiday" value="false" talendType="id_Boolean"/>
    <variables name="row1.year" value="0" talendType="id_Integer"/>
    <variables name="row1.quarter" value="' '" talendType="id_Character"/>
    <variables name="row1.month" value="0" talendType="id_Integer"/>
    <variables name="row1.week_in_year" value="0" talendType="id_Integer"/>
    <variables name="row1.day_in_week" value="0" talendType="id_Integer"/>
  </expression:EMFExpression>
  <expression:EMFExpression id="null=>dimDate=>month_name" expression="TalendDate.formatDate(&quot;MMMM&quot;,row1.date)">
    <variables name="row1.date" value="null" talendType="id_Date"/>
    <variables name="row1.is_weekend" value="false" talendType="id_Boolean"/>
    <variables name="row1.is_holiday" value="false" talendType="id_Boolean"/>
    <variables name="row1.year" value="0" talendType="id_Integer"/>
    <variables name="row1.quarter" value="' '" talendType="id_Character"/>
    <variables name="row1.month" value="0" talendType="id_Integer"/>
    <variables name="row1.week_in_year" value="0" talendType="id_Integer"/>
    <variables name="row1.day_in_week" value="0" talendType="id_Integer"/>
  </expression:EMFExpression>
  <expression:EMFExpression id="null=>Var=>var1" expression="row1.year + 5 + row1.month">
    <variables name="row1.date" value="null" talendType="id_Date"/>
    <variables name="row1.is_weekend" value="false" talendType="id_Boolean"/>
    <variables name="row1.is_holiday" value="false" talendType="id_Boolean"/>
    <variables name="row1.year" value="0" talendType="id_Integer"/>
    <variables name="row1.quarter" value="' '" talendType="id_Character"/>
    <variables name="row1.month" value="0" talendType="id_Integer"/>
    <variables name="row1.week_in_year" value="0" talendType="id_Integer"/>
    <variables name="row1.day_in_week" value="0" talendType="id_Integer"/>
    <variables name="Var.var1" value="0" talendType="id_Integer"/>
  </expression:EMFExpression>
  <expression:EMFExpression id="null=>copyOfdimDate=>date_key" expression="Integer.parseInt(&#xD;&#xA;&#x9;TalendDate.formatDate(&quot;yyyyMMdd&quot;,row2.date)&#xD;&#xA;) ">
    <variables name="row2.date" value="null" talendType="id_Date"/>
    <variables name="row2.is_weekend" value="false" talendType="id_Boolean"/>
    <variables name="row2.is_holiday" value="false" talendType="id_Boolean"/>
    <variables name="row2.year" value="0" talendType="id_Integer"/>
    <variables name="row2.quarter" value="' '" talendType="id_Character"/>
    <variables name="row2.month" value="0" talendType="id_Integer"/>
    <variables name="row2.week_in_year" value="0" talendType="id_Integer"/>
    <variables name="row2.day_in_week" value="0" talendType="id_Integer"/>
  </expression:EMFExpression>
</xmi:XMI>
