<?xml version="1.1" encoding="UTF-8"?>
<expression:EMFExpression xmi:version="2.0" xmlns:xmi="http://www.omg.org/XMI" xmlns:expression="http:///expression.ecore" id="null=>out3=>start" expression="TalendDate.parseDate(&quot;MM-dd-yyyy&quot;,&quot;01-01-1990&quot;)">
  <variables name="row9.CustomerID" value="null" talendType="id_String"/>
  <variables name="row9.CompanyName" value="null" talendType="id_String" nullable="true"/>
  <variables name="row9.ContactName" value="null" talendType="id_String" nullable="true"/>
  <variables name="row9.ContactTitle" value="null" talendType="id_String" nullable="true"/>
  <variables name="row9.Address" value="null" talendType="id_String" nullable="true"/>
  <variables name="row9.City" value="null" talendType="id_String" nullable="true"/>
  <variables name="row9.Region" value="null" talendType="id_String" nullable="true"/>
  <variables name="row9.PostalCode" value="null" talendType="id_String" nullable="true"/>
  <variables name="row9.Country" value="null" talendType="id_String" nullable="true"/>
  <variables name="row9.Phone" value="null" talendType="id_String" nullable="true"/>
  <variables name="row9.Fax" value="null" talendType="id_String" nullable="true"/>
</expression:EMFExpression>
