<?xml version="1.1" encoding="UTF-8"?>
<xmi:XMI xmi:version="2.0" xmlns:xmi="http://www.omg.org/XMI" xmlns:expression="http:///expression.ecore">
  <expression:EMFExpression id="null=>out3=>district" expression="StringHandling.UPCASE(row8.district)">
    <variables name="row8.customer_id" value="0" talendType="id_Integer"/>
    <variables name="row8.first_name" value="null" talendType="id_String"/>
    <variables name="row8.last_name" value="null" talendType="id_String"/>
    <variables name="row8.email" value="null" talendType="id_String" nullable="true"/>
    <variables name="row8.address" value="null" talendType="id_String"/>
    <variables name="row8.address2" value="null" talendType="id_String" nullable="true"/>
    <variables name="row8.district" value="null" talendType="id_String"/>
    <variables name="row8.city" value="null" talendType="id_String"/>
    <variables name="row8.country" value="null" talendType="id_String"/>
    <variables name="row8.postal_code" value="null" talendType="id_String" nullable="true"/>
    <variables name="row8.phone" value="null" talendType="id_String"/>
    <variables name="row8.active" value="0" talendType="id_Integer"/>
    <variables name="row8.create_date" value="null" talendType="id_Date"/>
  </expression:EMFExpression>
  <expression:EMFExpression id="null=>copyOfout4=>run_id" expression="context.run_id">
    <variables name="row10.staff_id" value="0" talendType="id_Short"/>
    <variables name="row10.first_name" value="null" talendType="id_String"/>
    <variables name="row10.last_name" value="null" talendType="id_String"/>
    <variables name="row10.address" value="null" talendType="id_String"/>
    <variables name="row10.address2" value="null" talendType="id_String" nullable="true"/>
    <variables name="row10.distrct" value="null" talendType="id_String"/>
    <variables name="row10.city" value="null" talendType="id_String"/>
    <variables name="row10.country" value="null" talendType="id_String"/>
    <variables name="row10.postal_code" value="null" talendType="id_String"/>
    <variables name="row10.email" value="null" talendType="id_String"/>
    <variables name="row10.username" value="null" talendType="id_String"/>
    <variables name="row10.active" value="0" talendType="id_Short"/>
  </expression:EMFExpression>
  <expression:EMFExpression id="null=>Var=>var1" expression="TalendDate.diffDate(row14.return_date,row14.rent_date)">
    <variables name="row14.rent_date" value="null" talendType="id_Date"/>
    <variables name="row14.return_date" value="null" talendType="id_Date"/>
    <variables name="row14.customer_id" value="0" talendType="id_Integer"/>
    <variables name="row14.film_id" value="0" talendType="id_Integer"/>
    <variables name="row14.store_id" value="0" talendType="id_Integer"/>
    <variables name="Var.var1" value="0" talendType="id_Short"/>
  </expression:EMFExpression>
  <expression:EMFExpression id="null=>out8=>duration" expression="TalendDate.diffDate(row14.return_date,row14.rent_date, &quot;dd&quot;) ">
    <variables name="row14.rent_date" value="null" talendType="id_Date"/>
    <variables name="row14.return_date" value="null" talendType="id_Date"/>
    <variables name="row14.customer_id" value="0" talendType="id_Integer"/>
    <variables name="row14.film_id" value="0" talendType="id_Integer"/>
    <variables name="row14.store_id" value="0" talendType="id_Integer"/>
  </expression:EMFExpression>
</xmi:XMI>
